assembly_accession	bioproject	biosample	wgs_master	excluded_from_refseq	refseq_category	relation_to_type_material	taxid	species_taxid	organism_name	infraspecific_name	isolate	version_status	assembly_level	release_type	genome_rep	seq_rel_date	asm_name	submitter	gbrs_paired_asm	paired_asm_comp	ftp_path	local_filename
GCF_000176135.1	PRJNA224116	SAMN02393819	ACZN00000000.1		na	assembly from type material	675814	190893	Vibrio coralliilyticus ATCC BAA-450	strain=ATCC BAA-450		latest	Contig	Major	Full	2009/10/06	ASM17613v1	Los Alamos National Laboratory (LANL), National Microbial Pathogen Data Resource (NMPDR)	GCA_000176135.1	identical	ftp://ftp.ncbi.nlm.nih.gov/genomes/all/GCF/000/176/135/GCF_000176135.1_ASM17613v1	./refseq/bacteria/GCF_000176135.1/GCF_000176135.1_ASM17613v1_genomic.gbff.gz
GCF_000176135.1	PRJNA224116	SAMN02393819	ACZN00000000.1		na	assembly from type material	675814	190893	Vibrio coralliilyticus ATCC BAA-450	strain=ATCC BAA-450		latest	Contig	Major	Full	2009/10/06	ASM17613v1	Los Alamos National Laboratory (LANL), National Microbial Pathogen Data Resource (NMPDR)	GCA_000176135.1	identical	ftp://ftp.ncbi.nlm.nih.gov/genomes/all/GCF/000/176/135/GCF_000176135.1_ASM17613v1	./refseq/bacteria/GCF_000176135.1/GCF_000176135.1_ASM17613v1_genomic.fna.gz
GCF_000176135.1	PRJNA224116	SAMN02393819	ACZN00000000.1		na	assembly from type material	675814	190893	Vibrio coralliilyticus ATCC BAA-450	strain=ATCC BAA-450		latest	Contig	Major	Full	2009/10/06	ASM17613v1	Los Alamos National Laboratory (LANL), National Microbial Pathogen Data Resource (NMPDR)	GCA_000176135.1	identical	ftp://ftp.ncbi.nlm.nih.gov/genomes/all/GCF/000/176/135/GCF_000176135.1_ASM17613v1	./refseq/bacteria/GCF_000176135.1/GCF_000176135.1_ASM17613v1_feature_table.txt.gz
GCF_000176135.1	PRJNA224116	SAMN02393819	ACZN00000000.1		na	assembly from type material	675814	190893	Vibrio coralliilyticus ATCC BAA-450	strain=ATCC BAA-450		latest	Contig	Major	Full	2009/10/06	ASM17613v1	Los Alamos National Laboratory (LANL), National Microbial Pathogen Data Resource (NMPDR)	GCA_000176135.1	identical	ftp://ftp.ncbi.nlm.nih.gov/genomes/all/GCF/000/176/135/GCF_000176135.1_ASM17613v1	./refseq/bacteria/GCF_000176135.1/GCF_000176135.1_ASM17613v1_genomic.gff.gz
GCF_000176135.1	PRJNA224116	SAMN02393819	ACZN00000000.1		na	assembly from type material	675814	190893	Vibrio coralliilyticus ATCC BAA-450	strain=ATCC BAA-450		latest	Contig	Major	Full	2009/10/06	ASM17613v1	Los Alamos National Laboratory (LANL), National Microbial Pathogen Data Resource (NMPDR)	GCA_000176135.1	identical	ftp://ftp.ncbi.nlm.nih.gov/genomes/all/GCF/000/176/135/GCF_000176135.1_ASM17613v1	./refseq/bacteria/GCF_000176135.1/GCF_000176135.1_ASM17613v1_protein.faa.gz
GCF_000176135.1	PRJNA224116	SAMN02393819	ACZN00000000.1		na	assembly from type material	675814	190893	Vibrio coralliilyticus ATCC BAA-450	strain=ATCC BAA-450		latest	Contig	Major	Full	2009/10/06	ASM17613v1	Los Alamos National Laboratory (LANL), National Microbial Pathogen Data Resource (NMPDR)	GCA_000176135.1	identical	ftp://ftp.ncbi.nlm.nih.gov/genomes/all/GCF/000/176/135/GCF_000176135.1_ASM17613v1	./refseq/bacteria/GCF_000176135.1/GCF_000176135.1_ASM17613v1_protein.gpff.gz
GCF_000176135.1	PRJNA224116	SAMN02393819	ACZN00000000.1		na	assembly from type material	675814	190893	Vibrio coralliilyticus ATCC BAA-450	strain=ATCC BAA-450		latest	Contig	Major	Full	2009/10/06	ASM17613v1	Los Alamos National Laboratory (LANL), National Microbial Pathogen Data Resource (NMPDR)	GCA_000176135.1	identical	ftp://ftp.ncbi.nlm.nih.gov/genomes/all/GCF/000/176/135/GCF_000176135.1_ASM17613v1	./refseq/bacteria/GCF_000176135.1/GCF_000176135.1_ASM17613v1_wgsmaster.gbff.gz
GCF_000176135.1	PRJNA224116	SAMN02393819	ACZN00000000.1		na	assembly from type material	675814	190893	Vibrio coralliilyticus ATCC BAA-450	strain=ATCC BAA-450		latest	Contig	Major	Full	2009/10/06	ASM17613v1	Los Alamos National Laboratory (LANL), National Microbial Pathogen Data Resource (NMPDR)	GCA_000176135.1	identical	ftp://ftp.ncbi.nlm.nih.gov/genomes/all/GCF/000/176/135/GCF_000176135.1_ASM17613v1	./refseq/bacteria/GCF_000176135.1/GCF_000176135.1_ASM17613v1_cds_from_genomic.fna.gz
GCF_000176135.1	PRJNA224116	SAMN02393819	ACZN00000000.1		na	assembly from type material	675814	190893	Vibrio coralliilyticus ATCC BAA-450	strain=ATCC BAA-450		latest	Contig	Major	Full	2009/10/06	ASM17613v1	Los Alamos National Laboratory (LANL), National Microbial Pathogen Data Resource (NMPDR)	GCA_000176135.1	identical	ftp://ftp.ncbi.nlm.nih.gov/genomes/all/GCF/000/176/135/GCF_000176135.1_ASM17613v1	./refseq/bacteria/GCF_000176135.1/GCF_000176135.1_ASM17613v1_rna_from_genomic.fna.gz
GCF_000176135.1	PRJNA224116	SAMN02393819	ACZN00000000.1		na	assembly from type material	675814	190893	Vibrio coralliilyticus ATCC BAA-450	strain=ATCC BAA-450		latest	Contig	Major	Full	2009/10/06	ASM17613v1	Los Alamos National Laboratory (LANL), National Microbial Pathogen Data Resource (NMPDR)	GCA_000176135.1	identical	ftp://ftp.ncbi.nlm.nih.gov/genomes/all/GCF/000/176/135/GCF_000176135.1_ASM17613v1	./refseq/bacteria/GCF_000176135.1/GCF_000176135.1_ASM17613v1_assembly_report.txt
GCF_000176135.1	PRJNA224116	SAMN02393819	ACZN00000000.1		na	assembly from type material	675814	190893	Vibrio coralliilyticus ATCC BAA-450	strain=ATCC BAA-450		latest	Contig	Major	Full	2009/10/06	ASM17613v1	Los Alamos National Laboratory (LANL), National Microbial Pathogen Data Resource (NMPDR)	GCA_000176135.1	identical	ftp://ftp.ncbi.nlm.nih.gov/genomes/all/GCF/000/176/135/GCF_000176135.1_ASM17613v1	./refseq/bacteria/GCF_000176135.1/GCF_000176135.1_ASM17613v1_assembly_stats.txt
GCF_000195475.1	PRJNA224116	SAMN02469785	AEQS00000000.1		na		909421	190893	Vibrio coralliilyticus P1	strain=P1		latest	Contig	Major	Full	2011/04/08	ASM19547v2	Federal University of Rio de Janeiro	GCA_000195475.2	identical	ftp://ftp.ncbi.nlm.nih.gov/genomes/all/GCF/000/195/475/GCF_000195475.1_ASM19547v2	./refseq/bacteria/GCF_000195475.1/GCF_000195475.1_ASM19547v2_genomic.gbff.gz
GCF_000195475.1	PRJNA224116	SAMN02469785	AEQS00000000.1		na		909421	190893	Vibrio coralliilyticus P1	strain=P1		latest	Contig	Major	Full	2011/04/08	ASM19547v2	Federal University of Rio de Janeiro	GCA_000195475.2	identical	ftp://ftp.ncbi.nlm.nih.gov/genomes/all/GCF/000/195/475/GCF_000195475.1_ASM19547v2	./refseq/bacteria/GCF_000195475.1/GCF_000195475.1_ASM19547v2_genomic.fna.gz
GCF_000195475.1	PRJNA224116	SAMN02469785	AEQS00000000.1		na		909421	190893	Vibrio coralliilyticus P1	strain=P1		latest	Contig	Major	Full	2011/04/08	ASM19547v2	Federal University of Rio de Janeiro	GCA_000195475.2	identical	ftp://ftp.ncbi.nlm.nih.gov/genomes/all/GCF/000/195/475/GCF_000195475.1_ASM19547v2	./refseq/bacteria/GCF_000195475.1/GCF_000195475.1_ASM19547v2_feature_table.txt.gz
GCF_000195475.1	PRJNA224116	SAMN02469785	AEQS00000000.1		na		909421	190893	Vibrio coralliilyticus P1	strain=P1		latest	Contig	Major	Full	2011/04/08	ASM19547v2	Federal University of Rio de Janeiro	GCA_000195475.2	identical	ftp://ftp.ncbi.nlm.nih.gov/genomes/all/GCF/000/195/475/GCF_000195475.1_ASM19547v2	./refseq/bacteria/GCF_000195475.1/GCF_000195475.1_ASM19547v2_genomic.gff.gz
GCF_000195475.1	PRJNA224116	SAMN02469785	AEQS00000000.1		na		909421	190893	Vibrio coralliilyticus P1	strain=P1		latest	Contig	Major	Full	2011/04/08	ASM19547v2	Federal University of Rio de Janeiro	GCA_000195475.2	identical	ftp://ftp.ncbi.nlm.nih.gov/genomes/all/GCF/000/195/475/GCF_000195475.1_ASM19547v2	./refseq/bacteria/GCF_000195475.1/GCF_000195475.1_ASM19547v2_protein.faa.gz
GCF_000195475.1	PRJNA224116	SAMN02469785	AEQS00000000.1		na		909421	190893	Vibrio coralliilyticus P1	strain=P1		latest	Contig	Major	Full	2011/04/08	ASM19547v2	Federal University of Rio de Janeiro	GCA_000195475.2	identical	ftp://ftp.ncbi.nlm.nih.gov/genomes/all/GCF/000/195/475/GCF_000195475.1_ASM19547v2	./refseq/bacteria/GCF_000195475.1/GCF_000195475.1_ASM19547v2_protein.gpff.gz
GCF_000195475.1	PRJNA224116	SAMN02469785	AEQS00000000.1		na		909421	190893	Vibrio coralliilyticus P1	strain=P1		latest	Contig	Major	Full	2011/04/08	ASM19547v2	Federal University of Rio de Janeiro	GCA_000195475.2	identical	ftp://ftp.ncbi.nlm.nih.gov/genomes/all/GCF/000/195/475/GCF_000195475.1_ASM19547v2	./refseq/bacteria/GCF_000195475.1/GCF_000195475.1_ASM19547v2_wgsmaster.gbff.gz
GCF_000195475.1	PRJNA224116	SAMN02469785	AEQS00000000.1		na		909421	190893	Vibrio coralliilyticus P1	strain=P1		latest	Contig	Major	Full	2011/04/08	ASM19547v2	Federal University of Rio de Janeiro	GCA_000195475.2	identical	ftp://ftp.ncbi.nlm.nih.gov/genomes/all/GCF/000/195/475/GCF_000195475.1_ASM19547v2	./refseq/bacteria/GCF_000195475.1/GCF_000195475.1_ASM19547v2_cds_from_genomic.fna.gz
GCF_000195475.1	PRJNA224116	SAMN02469785	AEQS00000000.1		na		909421	190893	Vibrio coralliilyticus P1	strain=P1		latest	Contig	Major	Full	2011/04/08	ASM19547v2	Federal University of Rio de Janeiro	GCA_000195475.2	identical	ftp://ftp.ncbi.nlm.nih.gov/genomes/all/GCF/000/195/475/GCF_000195475.1_ASM19547v2	./refseq/bacteria/GCF_000195475.1/GCF_000195475.1_ASM19547v2_rna_from_genomic.fna.gz
GCF_000195475.1	PRJNA224116	SAMN02469785	AEQS00000000.1		na		909421	190893	Vibrio coralliilyticus P1	strain=P1		latest	Contig	Major	Full	2011/04/08	ASM19547v2	Federal University of Rio de Janeiro	GCA_000195475.2	identical	ftp://ftp.ncbi.nlm.nih.gov/genomes/all/GCF/000/195/475/GCF_000195475.1_ASM19547v2	./refseq/bacteria/GCF_000195475.1/GCF_000195475.1_ASM19547v2_assembly_report.txt
GCF_000195475.1	PRJNA224116	SAMN02469785	AEQS00000000.1		na		909421	190893	Vibrio coralliilyticus P1	strain=P1		latest	Contig	Major	Full	2011/04/08	ASM19547v2	Federal University of Rio de Janeiro	GCA_000195475.2	identical	ftp://ftp.ncbi.nlm.nih.gov/genomes/all/GCF/000/195/475/GCF_000195475.1_ASM19547v2	./refseq/bacteria/GCF_000195475.1/GCF_000195475.1_ASM19547v2_assembly_stats.txt
GCF_000461895.1	PRJNA224116	SAMN02304133	AVOO00000000.1		na		1384040	190893	Vibrio coralliilyticus OCN008	strain=OCN008		latest	Contig	Major	Full	2013/08/29	OCN008	University of Hawaii	GCA_000461895.1	identical	ftp://ftp.ncbi.nlm.nih.gov/genomes/all/GCF/000/461/895/GCF_000461895.1_OCN008	./refseq/bacteria/GCF_000461895.1/GCF_000461895.1_OCN008_genomic.gbff.gz
GCF_000461895.1	PRJNA224116	SAMN02304133	AVOO00000000.1		na		1384040	190893	Vibrio coralliilyticus OCN008	strain=OCN008		latest	Contig	Major	Full	2013/08/29	OCN008	University of Hawaii	GCA_000461895.1	identical	ftp://ftp.ncbi.nlm.nih.gov/genomes/all/GCF/000/461/895/GCF_000461895.1_OCN008	./refseq/bacteria/GCF_000461895.1/GCF_000461895.1_OCN008_genomic.fna.gz
GCF_000461895.1	PRJNA224116	SAMN02304133	AVOO00000000.1		na		1384040	190893	Vibrio coralliilyticus OCN008	strain=OCN008		latest	Contig	Major	Full	2013/08/29	OCN008	University of Hawaii	GCA_000461895.1	identical	ftp://ftp.ncbi.nlm.nih.gov/genomes/all/GCF/000/461/895/GCF_000461895.1_OCN008	./refseq/bacteria/GCF_000461895.1/GCF_000461895.1_OCN008_feature_table.txt.gz
GCF_000461895.1	PRJNA224116	SAMN02304133	AVOO00000000.1		na		1384040	190893	Vibrio coralliilyticus OCN008	strain=OCN008		latest	Contig	Major	Full	2013/08/29	OCN008	University of Hawaii	GCA_000461895.1	identical	ftp://ftp.ncbi.nlm.nih.gov/genomes/all/GCF/000/461/895/GCF_000461895.1_OCN008	./refseq/bacteria/GCF_000461895.1/GCF_000461895.1_OCN008_genomic.gff.gz
GCF_000461895.1	PRJNA224116	SAMN02304133	AVOO00000000.1		na		1384040	190893	Vibrio coralliilyticus OCN008	strain=OCN008		latest	Contig	Major	Full	2013/08/29	OCN008	University of Hawaii	GCA_000461895.1	identical	ftp://ftp.ncbi.nlm.nih.gov/genomes/all/GCF/000/461/895/GCF_000461895.1_OCN008	./refseq/bacteria/GCF_000461895.1/GCF_000461895.1_OCN008_protein.faa.gz
GCF_000461895.1	PRJNA224116	SAMN02304133	AVOO00000000.1		na		1384040	190893	Vibrio coralliilyticus OCN008	strain=OCN008		latest	Contig	Major	Full	2013/08/29	OCN008	University of Hawaii	GCA_000461895.1	identical	ftp://ftp.ncbi.nlm.nih.gov/genomes/all/GCF/000/461/895/GCF_000461895.1_OCN008	./refseq/bacteria/GCF_000461895.1/GCF_000461895.1_OCN008_protein.gpff.gz
GCF_000461895.1	PRJNA224116	SAMN02304133	AVOO00000000.1		na		1384040	190893	Vibrio coralliilyticus OCN008	strain=OCN008		latest	Contig	Major	Full	2013/08/29	OCN008	University of Hawaii	GCA_000461895.1	identical	ftp://ftp.ncbi.nlm.nih.gov/genomes/all/GCF/000/461/895/GCF_000461895.1_OCN008	./refseq/bacteria/GCF_000461895.1/GCF_000461895.1_OCN008_wgsmaster.gbff.gz
GCF_000461895.1	PRJNA224116	SAMN02304133	AVOO00000000.1		na		1384040	190893	Vibrio coralliilyticus OCN008	strain=OCN008		latest	Contig	Major	Full	2013/08/29	OCN008	University of Hawaii	GCA_000461895.1	identical	ftp://ftp.ncbi.nlm.nih.gov/genomes/all/GCF/000/461/895/GCF_000461895.1_OCN008	./refseq/bacteria/GCF_000461895.1/GCF_000461895.1_OCN008_cds_from_genomic.fna.gz
GCF_000461895.1	PRJNA224116	SAMN02304133	AVOO00000000.1		na		1384040	190893	Vibrio coralliilyticus OCN008	strain=OCN008		latest	Contig	Major	Full	2013/08/29	OCN008	University of Hawaii	GCA_000461895.1	identical	ftp://ftp.ncbi.nlm.nih.gov/genomes/all/GCF/000/461/895/GCF_000461895.1_OCN008	./refseq/bacteria/GCF_000461895.1/GCF_000461895.1_OCN008_rna_from_genomic.fna.gz
GCF_000461895.1	PRJNA224116	SAMN02304133	AVOO00000000.1		na		1384040	190893	Vibrio coralliilyticus OCN008	strain=OCN008		latest	Contig	Major	Full	2013/08/29	OCN008	University of Hawaii	GCA_000461895.1	identical	ftp://ftp.ncbi.nlm.nih.gov/genomes/all/GCF/000/461/895/GCF_000461895.1_OCN008	./refseq/bacteria/GCF_000461895.1/GCF_000461895.1_OCN008_assembly_report.txt
GCF_000461895.1	PRJNA224116	SAMN02304133	AVOO00000000.1		na		1384040	190893	Vibrio coralliilyticus OCN008	strain=OCN008		latest	Contig	Major	Full	2013/08/29	OCN008	University of Hawaii	GCA_000461895.1	identical	ftp://ftp.ncbi.nlm.nih.gov/genomes/all/GCF/000/461/895/GCF_000461895.1_OCN008	./refseq/bacteria/GCF_000461895.1/GCF_000461895.1_OCN008_assembly_stats.txt
GCF_000763535.1	PRJNA224116	SAMN03010512			representative genome		190893	190893	Vibrio coralliilyticus	strain=OCN014		latest	Complete Genome	Major	Full	2014/10/28	ASM76353v2	University of Hawaii at Manoa	GCA_000763535.2	identical	ftp://ftp.ncbi.nlm.nih.gov/genomes/all/GCF/000/763/535/GCF_000763535.1_ASM76353v2	./refseq/bacteria/GCF_000763535.1/GCF_000763535.1_ASM76353v2_genomic.gbff.gz
GCF_000763535.1	PRJNA224116	SAMN03010512			representative genome		190893	190893	Vibrio coralliilyticus	strain=OCN014		latest	Complete Genome	Major	Full	2014/10/28	ASM76353v2	University of Hawaii at Manoa	GCA_000763535.2	identical	ftp://ftp.ncbi.nlm.nih.gov/genomes/all/GCF/000/763/535/GCF_000763535.1_ASM76353v2	./refseq/bacteria/GCF_000763535.1/GCF_000763535.1_ASM76353v2_genomic.fna.gz
GCF_000763535.1	PRJNA224116	SAMN03010512			representative genome		190893	190893	Vibrio coralliilyticus	strain=OCN014		latest	Complete Genome	Major	Full	2014/10/28	ASM76353v2	University of Hawaii at Manoa	GCA_000763535.2	identical	ftp://ftp.ncbi.nlm.nih.gov/genomes/all/GCF/000/763/535/GCF_000763535.1_ASM76353v2	./refseq/bacteria/GCF_000763535.1/GCF_000763535.1_ASM76353v2_feature_table.txt.gz
GCF_000763535.1	PRJNA224116	SAMN03010512			representative genome		190893	190893	Vibrio coralliilyticus	strain=OCN014		latest	Complete Genome	Major	Full	2014/10/28	ASM76353v2	University of Hawaii at Manoa	GCA_000763535.2	identical	ftp://ftp.ncbi.nlm.nih.gov/genomes/all/GCF/000/763/535/GCF_000763535.1_ASM76353v2	./refseq/bacteria/GCF_000763535.1/GCF_000763535.1_ASM76353v2_genomic.gff.gz
GCF_000763535.1	PRJNA224116	SAMN03010512			representative genome		190893	190893	Vibrio coralliilyticus	strain=OCN014		latest	Complete Genome	Major	Full	2014/10/28	ASM76353v2	University of Hawaii at Manoa	GCA_000763535.2	identical	ftp://ftp.ncbi.nlm.nih.gov/genomes/all/GCF/000/763/535/GCF_000763535.1_ASM76353v2	./refseq/bacteria/GCF_000763535.1/GCF_000763535.1_ASM76353v2_protein.faa.gz
GCF_000763535.1	PRJNA224116	SAMN03010512			representative genome		190893	190893	Vibrio coralliilyticus	strain=OCN014		latest	Complete Genome	Major	Full	2014/10/28	ASM76353v2	University of Hawaii at Manoa	GCA_000763535.2	identical	ftp://ftp.ncbi.nlm.nih.gov/genomes/all/GCF/000/763/535/GCF_000763535.1_ASM76353v2	./refseq/bacteria/GCF_000763535.1/GCF_000763535.1_ASM76353v2_protein.gpff.gz
GCF_000763535.1	PRJNA224116	SAMN03010512			representative genome		190893	190893	Vibrio coralliilyticus	strain=OCN014		latest	Complete Genome	Major	Full	2014/10/28	ASM76353v2	University of Hawaii at Manoa	GCA_000763535.2	identical	ftp://ftp.ncbi.nlm.nih.gov/genomes/all/GCF/000/763/535/GCF_000763535.1_ASM76353v2	./refseq/bacteria/GCF_000763535.1/GCF_000763535.1_ASM76353v2_cds_from_genomic.fna.gz
GCF_000763535.1	PRJNA224116	SAMN03010512			representative genome		190893	190893	Vibrio coralliilyticus	strain=OCN014		latest	Complete Genome	Major	Full	2014/10/28	ASM76353v2	University of Hawaii at Manoa	GCA_000763535.2	identical	ftp://ftp.ncbi.nlm.nih.gov/genomes/all/GCF/000/763/535/GCF_000763535.1_ASM76353v2	./refseq/bacteria/GCF_000763535.1/GCF_000763535.1_ASM76353v2_rna_from_genomic.fna.gz
GCF_000763535.1	PRJNA224116	SAMN03010512			representative genome		190893	190893	Vibrio coralliilyticus	strain=OCN014		latest	Complete Genome	Major	Full	2014/10/28	ASM76353v2	University of Hawaii at Manoa	GCA_000763535.2	identical	ftp://ftp.ncbi.nlm.nih.gov/genomes/all/GCF/000/763/535/GCF_000763535.1_ASM76353v2	./refseq/bacteria/GCF_000763535.1/GCF_000763535.1_ASM76353v2_assembly_report.txt
GCF_000763535.1	PRJNA224116	SAMN03010512			representative genome		190893	190893	Vibrio coralliilyticus	strain=OCN014		latest	Complete Genome	Major	Full	2014/10/28	ASM76353v2	University of Hawaii at Manoa	GCA_000763535.2	identical	ftp://ftp.ncbi.nlm.nih.gov/genomes/all/GCF/000/763/535/GCF_000763535.1_ASM76353v2	./refseq/bacteria/GCF_000763535.1/GCF_000763535.1_ASM76353v2_assembly_stats.txt
GCF_000772065.1	PRJNA224116	SAMN02940923			na		190893	190893	Vibrio coralliilyticus	strain=RE98		latest	Complete Genome	Major	Full	2014/11/05	ASM77206v1	USDA-Agricultural Research Service-Eastern Regional Research Center	GCA_000772065.1	identical	ftp://ftp.ncbi.nlm.nih.gov/genomes/all/GCF/000/772/065/GCF_000772065.1_ASM77206v1	./refseq/bacteria/GCF_000772065.1/GCF_000772065.1_ASM77206v1_genomic.gbff.gz
GCF_000772065.1	PRJNA224116	SAMN02940923			na		190893	190893	Vibrio coralliilyticus	strain=RE98		latest	Complete Genome	Major	Full	2014/11/05	ASM77206v1	USDA-Agricultural Research Service-Eastern Regional Research Center	GCA_000772065.1	identical	ftp://ftp.ncbi.nlm.nih.gov/genomes/all/GCF/000/772/065/GCF_000772065.1_ASM77206v1	./refseq/bacteria/GCF_000772065.1/GCF_000772065.1_ASM77206v1_genomic.fna.gz
GCF_000772065.1	PRJNA224116	SAMN02940923			na		190893	190893	Vibrio coralliilyticus	strain=RE98		latest	Complete Genome	Major	Full	2014/11/05	ASM77206v1	USDA-Agricultural Research Service-Eastern Regional Research Center	GCA_000772065.1	identical	ftp://ftp.ncbi.nlm.nih.gov/genomes/all/GCF/000/772/065/GCF_000772065.1_ASM77206v1	./refseq/bacteria/GCF_000772065.1/GCF_000772065.1_ASM77206v1_feature_table.txt.gz
GCF_000772065.1	PRJNA224116	SAMN02940923			na		190893	190893	Vibrio coralliilyticus	strain=RE98		latest	Complete Genome	Major	Full	2014/11/05	ASM77206v1	USDA-Agricultural Research Service-Eastern Regional Research Center	GCA_000772065.1	identical	ftp://ftp.ncbi.nlm.nih.gov/genomes/all/GCF/000/772/065/GCF_000772065.1_ASM77206v1	./refseq/bacteria/GCF_000772065.1/GCF_000772065.1_ASM77206v1_genomic.gff.gz
GCF_000772065.1	PRJNA224116	SAMN02940923			na		190893	190893	Vibrio coralliilyticus	strain=RE98		latest	Complete Genome	Major	Full	2014/11/05	ASM77206v1	USDA-Agricultural Research Service-Eastern Regional Research Center	GCA_000772065.1	identical	ftp://ftp.ncbi.nlm.nih.gov/genomes/all/GCF/000/772/065/GCF_000772065.1_ASM77206v1	./refseq/bacteria/GCF_000772065.1/GCF_000772065.1_ASM77206v1_protein.faa.gz
GCF_000772065.1	PRJNA224116	SAMN02940923			na		190893	190893	Vibrio coralliilyticus	strain=RE98		latest	Complete Genome	Major	Full	2014/11/05	ASM77206v1	USDA-Agricultural Research Service-Eastern Regional Research Center	GCA_000772065.1	identical	ftp://ftp.ncbi.nlm.nih.gov/genomes/all/GCF/000/772/065/GCF_000772065.1_ASM77206v1	./refseq/bacteria/GCF_000772065.1/GCF_000772065.1_ASM77206v1_protein.gpff.gz
GCF_000772065.1	PRJNA224116	SAMN02940923			na		190893	190893	Vibrio coralliilyticus	strain=RE98		latest	Complete Genome	Major	Full	2014/11/05	ASM77206v1	USDA-Agricultural Research Service-Eastern Regional Research Center	GCA_000772065.1	identical	ftp://ftp.ncbi.nlm.nih.gov/genomes/all/GCF/000/772/065/GCF_000772065.1_ASM77206v1	./refseq/bacteria/GCF_000772065.1/GCF_000772065.1_ASM77206v1_cds_from_genomic.fna.gz
GCF_000772065.1	PRJNA224116	SAMN02940923			na		190893	190893	Vibrio coralliilyticus	strain=RE98		latest	Complete Genome	Major	Full	2014/11/05	ASM77206v1	USDA-Agricultural Research Service-Eastern Regional Research Center	GCA_000772065.1	identical	ftp://ftp.ncbi.nlm.nih.gov/genomes/all/GCF/000/772/065/GCF_000772065.1_ASM77206v1	./refseq/bacteria/GCF_000772065.1/GCF_000772065.1_ASM77206v1_rna_from_genomic.fna.gz
GCF_000772065.1	PRJNA224116	SAMN02940923			na		190893	190893	Vibrio coralliilyticus	strain=RE98		latest	Complete Genome	Major	Full	2014/11/05	ASM77206v1	USDA-Agricultural Research Service-Eastern Regional Research Center	GCA_000772065.1	identical	ftp://ftp.ncbi.nlm.nih.gov/genomes/all/GCF/000/772/065/GCF_000772065.1_ASM77206v1	./refseq/bacteria/GCF_000772065.1/GCF_000772065.1_ASM77206v1_assembly_report.txt
GCF_000772065.1	PRJNA224116	SAMN02940923			na		190893	190893	Vibrio coralliilyticus	strain=RE98		latest	Complete Genome	Major	Full	2014/11/05	ASM77206v1	USDA-Agricultural Research Service-Eastern Regional Research Center	GCA_000772065.1	identical	ftp://ftp.ncbi.nlm.nih.gov/genomes/all/GCF/000/772/065/GCF_000772065.1_ASM77206v1	./refseq/bacteria/GCF_000772065.1/GCF_000772065.1_ASM77206v1_assembly_stats.txt
GCF_000967465.1	PRJNA224116	SAMN03323806	JXXR00000000.1		na		190893	190893	Vibrio coralliilyticus	strain=S2052		latest	Contig	Major	Full	2015/04/01	S2052	Technical University of Denmark	GCA_000967465.1	identical	ftp://ftp.ncbi.nlm.nih.gov/genomes/all/GCF/000/967/465/GCF_000967465.1_S2052	./refseq/bacteria/GCF_000967465.1/GCF_000967465.1_S2052_genomic.gbff.gz
GCF_000967465.1	PRJNA224116	SAMN03323806	JXXR00000000.1		na		190893	190893	Vibrio coralliilyticus	strain=S2052		latest	Contig	Major	Full	2015/04/01	S2052	Technical University of Denmark	GCA_000967465.1	identical	ftp://ftp.ncbi.nlm.nih.gov/genomes/all/GCF/000/967/465/GCF_000967465.1_S2052	./refseq/bacteria/GCF_000967465.1/GCF_000967465.1_S2052_genomic.fna.gz
GCF_000967465.1	PRJNA224116	SAMN03323806	JXXR00000000.1		na		190893	190893	Vibrio coralliilyticus	strain=S2052		latest	Contig	Major	Full	2015/04/01	S2052	Technical University of Denmark	GCA_000967465.1	identical	ftp://ftp.ncbi.nlm.nih.gov/genomes/all/GCF/000/967/465/GCF_000967465.1_S2052	./refseq/bacteria/GCF_000967465.1/GCF_000967465.1_S2052_feature_table.txt.gz
GCF_000967465.1	PRJNA224116	SAMN03323806	JXXR00000000.1		na		190893	190893	Vibrio coralliilyticus	strain=S2052		latest	Contig	Major	Full	2015/04/01	S2052	Technical University of Denmark	GCA_000967465.1	identical	ftp://ftp.ncbi.nlm.nih.gov/genomes/all/GCF/000/967/465/GCF_000967465.1_S2052	./refseq/bacteria/GCF_000967465.1/GCF_000967465.1_S2052_genomic.gff.gz
GCF_000967465.1	PRJNA224116	SAMN03323806	JXXR00000000.1		na		190893	190893	Vibrio coralliilyticus	strain=S2052		latest	Contig	Major	Full	2015/04/01	S2052	Technical University of Denmark	GCA_000967465.1	identical	ftp://ftp.ncbi.nlm.nih.gov/genomes/all/GCF/000/967/465/GCF_000967465.1_S2052	./refseq/bacteria/GCF_000967465.1/GCF_000967465.1_S2052_protein.faa.gz
GCF_000967465.1	PRJNA224116	SAMN03323806	JXXR00000000.1		na		190893	190893	Vibrio coralliilyticus	strain=S2052		latest	Contig	Major	Full	2015/04/01	S2052	Technical University of Denmark	GCA_000967465.1	identical	ftp://ftp.ncbi.nlm.nih.gov/genomes/all/GCF/000/967/465/GCF_000967465.1_S2052	./refseq/bacteria/GCF_000967465.1/GCF_000967465.1_S2052_protein.gpff.gz
GCF_000967465.1	PRJNA224116	SAMN03323806	JXXR00000000.1		na		190893	190893	Vibrio coralliilyticus	strain=S2052		latest	Contig	Major	Full	2015/04/01	S2052	Technical University of Denmark	GCA_000967465.1	identical	ftp://ftp.ncbi.nlm.nih.gov/genomes/all/GCF/000/967/465/GCF_000967465.1_S2052	./refseq/bacteria/GCF_000967465.1/GCF_000967465.1_S2052_wgsmaster.gbff.gz
GCF_000967465.1	PRJNA224116	SAMN03323806	JXXR00000000.1		na		190893	190893	Vibrio coralliilyticus	strain=S2052		latest	Contig	Major	Full	2015/04/01	S2052	Technical University of Denmark	GCA_000967465.1	identical	ftp://ftp.ncbi.nlm.nih.gov/genomes/all/GCF/000/967/465/GCF_000967465.1_S2052	./refseq/bacteria/GCF_000967465.1/GCF_000967465.1_S2052_cds_from_genomic.fna.gz
GCF_000967465.1	PRJNA224116	SAMN03323806	JXXR00000000.1		na		190893	190893	Vibrio coralliilyticus	strain=S2052		latest	Contig	Major	Full	2015/04/01	S2052	Technical University of Denmark	GCA_000967465.1	identical	ftp://ftp.ncbi.nlm.nih.gov/genomes/all/GCF/000/967/465/GCF_000967465.1_S2052	./refseq/bacteria/GCF_000967465.1/GCF_000967465.1_S2052_rna_from_genomic.fna.gz
GCF_000967465.1	PRJNA224116	SAMN03323806	JXXR00000000.1		na		190893	190893	Vibrio coralliilyticus	strain=S2052		latest	Contig	Major	Full	2015/04/01	S2052	Technical University of Denmark	GCA_000967465.1	identical	ftp://ftp.ncbi.nlm.nih.gov/genomes/all/GCF/000/967/465/GCF_000967465.1_S2052	./refseq/bacteria/GCF_000967465.1/GCF_000967465.1_S2052_assembly_report.txt
GCF_000967465.1	PRJNA224116	SAMN03323806	JXXR00000000.1		na		190893	190893	Vibrio coralliilyticus	strain=S2052		latest	Contig	Major	Full	2015/04/01	S2052	Technical University of Denmark	GCA_000967465.1	identical	ftp://ftp.ncbi.nlm.nih.gov/genomes/all/GCF/000/967/465/GCF_000967465.1_S2052	./refseq/bacteria/GCF_000967465.1/GCF_000967465.1_S2052_assembly_stats.txt
GCF_000967485.1	PRJNA224116	SAMN03323919	JXXS00000000.1		na		190893	190893	Vibrio coralliilyticus	strain=S2043		latest	Contig	Major	Full	2015/04/01	S2043	Technical University of Denmark	GCA_000967485.1	identical	ftp://ftp.ncbi.nlm.nih.gov/genomes/all/GCF/000/967/485/GCF_000967485.1_S2043	./refseq/bacteria/GCF_000967485.1/GCF_000967485.1_S2043_genomic.gbff.gz
GCF_000967485.1	PRJNA224116	SAMN03323919	JXXS00000000.1		na		190893	190893	Vibrio coralliilyticus	strain=S2043		latest	Contig	Major	Full	2015/04/01	S2043	Technical University of Denmark	GCA_000967485.1	identical	ftp://ftp.ncbi.nlm.nih.gov/genomes/all/GCF/000/967/485/GCF_000967485.1_S2043	./refseq/bacteria/GCF_000967485.1/GCF_000967485.1_S2043_genomic.fna.gz
GCF_000967485.1	PRJNA224116	SAMN03323919	JXXS00000000.1		na		190893	190893	Vibrio coralliilyticus	strain=S2043		latest	Contig	Major	Full	2015/04/01	S2043	Technical University of Denmark	GCA_000967485.1	identical	ftp://ftp.ncbi.nlm.nih.gov/genomes/all/GCF/000/967/485/GCF_000967485.1_S2043	./refseq/bacteria/GCF_000967485.1/GCF_000967485.1_S2043_feature_table.txt.gz
GCF_000967485.1	PRJNA224116	SAMN03323919	JXXS00000000.1		na		190893	190893	Vibrio coralliilyticus	strain=S2043		latest	Contig	Major	Full	2015/04/01	S2043	Technical University of Denmark	GCA_000967485.1	identical	ftp://ftp.ncbi.nlm.nih.gov/genomes/all/GCF/000/967/485/GCF_000967485.1_S2043	./refseq/bacteria/GCF_000967485.1/GCF_000967485.1_S2043_genomic.gff.gz
GCF_000967485.1	PRJNA224116	SAMN03323919	JXXS00000000.1		na		190893	190893	Vibrio coralliilyticus	strain=S2043		latest	Contig	Major	Full	2015/04/01	S2043	Technical University of Denmark	GCA_000967485.1	identical	ftp://ftp.ncbi.nlm.nih.gov/genomes/all/GCF/000/967/485/GCF_000967485.1_S2043	./refseq/bacteria/GCF_000967485.1/GCF_000967485.1_S2043_protein.faa.gz
GCF_000967485.1	PRJNA224116	SAMN03323919	JXXS00000000.1		na		190893	190893	Vibrio coralliilyticus	strain=S2043		latest	Contig	Major	Full	2015/04/01	S2043	Technical University of Denmark	GCA_000967485.1	identical	ftp://ftp.ncbi.nlm.nih.gov/genomes/all/GCF/000/967/485/GCF_000967485.1_S2043	./refseq/bacteria/GCF_000967485.1/GCF_000967485.1_S2043_protein.gpff.gz
GCF_000967485.1	PRJNA224116	SAMN03323919	JXXS00000000.1		na		190893	190893	Vibrio coralliilyticus	strain=S2043		latest	Contig	Major	Full	2015/04/01	S2043	Technical University of Denmark	GCA_000967485.1	identical	ftp://ftp.ncbi.nlm.nih.gov/genomes/all/GCF/000/967/485/GCF_000967485.1_S2043	./refseq/bacteria/GCF_000967485.1/GCF_000967485.1_S2043_wgsmaster.gbff.gz
GCF_000967485.1	PRJNA224116	SAMN03323919	JXXS00000000.1		na		190893	190893	Vibrio coralliilyticus	strain=S2043		latest	Contig	Major	Full	2015/04/01	S2043	Technical University of Denmark	GCA_000967485.1	identical	ftp://ftp.ncbi.nlm.nih.gov/genomes/all/GCF/000/967/485/GCF_000967485.1_S2043	./refseq/bacteria/GCF_000967485.1/GCF_000967485.1_S2043_cds_from_genomic.fna.gz
GCF_000967485.1	PRJNA224116	SAMN03323919	JXXS00000000.1		na		190893	190893	Vibrio coralliilyticus	strain=S2043		latest	Contig	Major	Full	2015/04/01	S2043	Technical University of Denmark	GCA_000967485.1	identical	ftp://ftp.ncbi.nlm.nih.gov/genomes/all/GCF/000/967/485/GCF_000967485.1_S2043	./refseq/bacteria/GCF_000967485.1/GCF_000967485.1_S2043_rna_from_genomic.fna.gz
GCF_000967485.1	PRJNA224116	SAMN03323919	JXXS00000000.1		na		190893	190893	Vibrio coralliilyticus	strain=S2043		latest	Contig	Major	Full	2015/04/01	S2043	Technical University of Denmark	GCA_000967485.1	identical	ftp://ftp.ncbi.nlm.nih.gov/genomes/all/GCF/000/967/485/GCF_000967485.1_S2043	./refseq/bacteria/GCF_000967485.1/GCF_000967485.1_S2043_assembly_report.txt
GCF_000967485.1	PRJNA224116	SAMN03323919	JXXS00000000.1		na		190893	190893	Vibrio coralliilyticus	strain=S2043		latest	Contig	Major	Full	2015/04/01	S2043	Technical University of Denmark	GCA_000967485.1	identical	ftp://ftp.ncbi.nlm.nih.gov/genomes/all/GCF/000/967/485/GCF_000967485.1_S2043	./refseq/bacteria/GCF_000967485.1/GCF_000967485.1_S2043_assembly_stats.txt
GCF_001297935.1	PRJNA224116	SAMN03857122	LGLS00000000.1		na		190893	190893	Vibrio coralliilyticus	strain=RE22		latest	Chromosome	Major	Full	2016/05/30	ASM129793v1	University of Rhode Island	GCA_001297935.1	identical	ftp://ftp.ncbi.nlm.nih.gov/genomes/all/GCF/001/297/935/GCF_001297935.1_ASM129793v1	./refseq/bacteria/GCF_001297935.1/GCF_001297935.1_ASM129793v1_genomic.gbff.gz
GCF_001297935.1	PRJNA224116	SAMN03857122	LGLS00000000.1		na		190893	190893	Vibrio coralliilyticus	strain=RE22		latest	Chromosome	Major	Full	2016/05/30	ASM129793v1	University of Rhode Island	GCA_001297935.1	identical	ftp://ftp.ncbi.nlm.nih.gov/genomes/all/GCF/001/297/935/GCF_001297935.1_ASM129793v1	./refseq/bacteria/GCF_001297935.1/GCF_001297935.1_ASM129793v1_genomic.fna.gz
GCF_001297935.1	PRJNA224116	SAMN03857122	LGLS00000000.1		na		190893	190893	Vibrio coralliilyticus	strain=RE22		latest	Chromosome	Major	Full	2016/05/30	ASM129793v1	University of Rhode Island	GCA_001297935.1	identical	ftp://ftp.ncbi.nlm.nih.gov/genomes/all/GCF/001/297/935/GCF_001297935.1_ASM129793v1	./refseq/bacteria/GCF_001297935.1/GCF_001297935.1_ASM129793v1_feature_table.txt.gz
GCF_001297935.1	PRJNA224116	SAMN03857122	LGLS00000000.1		na		190893	190893	Vibrio coralliilyticus	strain=RE22		latest	Chromosome	Major	Full	2016/05/30	ASM129793v1	University of Rhode Island	GCA_001297935.1	identical	ftp://ftp.ncbi.nlm.nih.gov/genomes/all/GCF/001/297/935/GCF_001297935.1_ASM129793v1	./refseq/bacteria/GCF_001297935.1/GCF_001297935.1_ASM129793v1_genomic.gff.gz
GCF_001297935.1	PRJNA224116	SAMN03857122	LGLS00000000.1		na		190893	190893	Vibrio coralliilyticus	strain=RE22		latest	Chromosome	Major	Full	2016/05/30	ASM129793v1	University of Rhode Island	GCA_001297935.1	identical	ftp://ftp.ncbi.nlm.nih.gov/genomes/all/GCF/001/297/935/GCF_001297935.1_ASM129793v1	./refseq/bacteria/GCF_001297935.1/GCF_001297935.1_ASM129793v1_protein.faa.gz
GCF_001297935.1	PRJNA224116	SAMN03857122	LGLS00000000.1		na		190893	190893	Vibrio coralliilyticus	strain=RE22		latest	Chromosome	Major	Full	2016/05/30	ASM129793v1	University of Rhode Island	GCA_001297935.1	identical	ftp://ftp.ncbi.nlm.nih.gov/genomes/all/GCF/001/297/935/GCF_001297935.1_ASM129793v1	./refseq/bacteria/GCF_001297935.1/GCF_001297935.1_ASM129793v1_protein.gpff.gz
GCF_001297935.1	PRJNA224116	SAMN03857122	LGLS00000000.1		na		190893	190893	Vibrio coralliilyticus	strain=RE22		latest	Chromosome	Major	Full	2016/05/30	ASM129793v1	University of Rhode Island	GCA_001297935.1	identical	ftp://ftp.ncbi.nlm.nih.gov/genomes/all/GCF/001/297/935/GCF_001297935.1_ASM129793v1	./refseq/bacteria/GCF_001297935.1/GCF_001297935.1_ASM129793v1_wgsmaster.gbff.gz
GCF_001297935.1	PRJNA224116	SAMN03857122	LGLS00000000.1		na		190893	190893	Vibrio coralliilyticus	strain=RE22		latest	Chromosome	Major	Full	2016/05/30	ASM129793v1	University of Rhode Island	GCA_001297935.1	identical	ftp://ftp.ncbi.nlm.nih.gov/genomes/all/GCF/001/297/935/GCF_001297935.1_ASM129793v1	./refseq/bacteria/GCF_001297935.1/GCF_001297935.1_ASM129793v1_cds_from_genomic.fna.gz
GCF_001297935.1	PRJNA224116	SAMN03857122	LGLS00000000.1		na		190893	190893	Vibrio coralliilyticus	strain=RE22		latest	Chromosome	Major	Full	2016/05/30	ASM129793v1	University of Rhode Island	GCA_001297935.1	identical	ftp://ftp.ncbi.nlm.nih.gov/genomes/all/GCF/001/297/935/GCF_001297935.1_ASM129793v1	./refseq/bacteria/GCF_001297935.1/GCF_001297935.1_ASM129793v1_rna_from_genomic.fna.gz
GCF_001297935.1	PRJNA224116	SAMN03857122	LGLS00000000.1		na		190893	190893	Vibrio coralliilyticus	strain=RE22		latest	Chromosome	Major	Full	2016/05/30	ASM129793v1	University of Rhode Island	GCA_001297935.1	identical	ftp://ftp.ncbi.nlm.nih.gov/genomes/all/GCF/001/297/935/GCF_001297935.1_ASM129793v1	./refseq/bacteria/GCF_001297935.1/GCF_001297935.1_ASM129793v1_assembly_report.txt
GCF_001297935.1	PRJNA224116	SAMN03857122	LGLS00000000.1		na		190893	190893	Vibrio coralliilyticus	strain=RE22		latest	Chromosome	Major	Full	2016/05/30	ASM129793v1	University of Rhode Island	GCA_001297935.1	identical	ftp://ftp.ncbi.nlm.nih.gov/genomes/all/GCF/001/297/935/GCF_001297935.1_ASM129793v1	./refseq/bacteria/GCF_001297935.1/GCF_001297935.1_ASM129793v1_assembly_stats.txt
GCF_001693615.1	PRJNA224116	SAMN05327862			na		190893	190893	Vibrio coralliilyticus	strain=58		latest	Complete Genome	Major	Full	2016/07/26	ASM169361v1	Korea Research Institute of Bioscience & Biotechnology	GCA_001693615.1	identical	ftp://ftp.ncbi.nlm.nih.gov/genomes/all/GCF/001/693/615/GCF_001693615.1_ASM169361v1	./refseq/bacteria/GCF_001693615.1/GCF_001693615.1_ASM169361v1_genomic.gbff.gz
GCF_001693615.1	PRJNA224116	SAMN05327862			na		190893	190893	Vibrio coralliilyticus	strain=58		latest	Complete Genome	Major	Full	2016/07/26	ASM169361v1	Korea Research Institute of Bioscience & Biotechnology	GCA_001693615.1	identical	ftp://ftp.ncbi.nlm.nih.gov/genomes/all/GCF/001/693/615/GCF_001693615.1_ASM169361v1	./refseq/bacteria/GCF_001693615.1/GCF_001693615.1_ASM169361v1_genomic.fna.gz
GCF_001693615.1	PRJNA224116	SAMN05327862			na		190893	190893	Vibrio coralliilyticus	strain=58		latest	Complete Genome	Major	Full	2016/07/26	ASM169361v1	Korea Research Institute of Bioscience & Biotechnology	GCA_001693615.1	identical	ftp://ftp.ncbi.nlm.nih.gov/genomes/all/GCF/001/693/615/GCF_001693615.1_ASM169361v1	./refseq/bacteria/GCF_001693615.1/GCF_001693615.1_ASM169361v1_feature_table.txt.gz
GCF_001693615.1	PRJNA224116	SAMN05327862			na		190893	190893	Vibrio coralliilyticus	strain=58		latest	Complete Genome	Major	Full	2016/07/26	ASM169361v1	Korea Research Institute of Bioscience & Biotechnology	GCA_001693615.1	identical	ftp://ftp.ncbi.nlm.nih.gov/genomes/all/GCF/001/693/615/GCF_001693615.1_ASM169361v1	./refseq/bacteria/GCF_001693615.1/GCF_001693615.1_ASM169361v1_genomic.gff.gz
GCF_001693615.1	PRJNA224116	SAMN05327862			na		190893	190893	Vibrio coralliilyticus	strain=58		latest	Complete Genome	Major	Full	2016/07/26	ASM169361v1	Korea Research Institute of Bioscience & Biotechnology	GCA_001693615.1	identical	ftp://ftp.ncbi.nlm.nih.gov/genomes/all/GCF/001/693/615/GCF_001693615.1_ASM169361v1	./refseq/bacteria/GCF_001693615.1/GCF_001693615.1_ASM169361v1_protein.faa.gz
GCF_001693615.1	PRJNA224116	SAMN05327862			na		190893	190893	Vibrio coralliilyticus	strain=58		latest	Complete Genome	Major	Full	2016/07/26	ASM169361v1	Korea Research Institute of Bioscience & Biotechnology	GCA_001693615.1	identical	ftp://ftp.ncbi.nlm.nih.gov/genomes/all/GCF/001/693/615/GCF_001693615.1_ASM169361v1	./refseq/bacteria/GCF_001693615.1/GCF_001693615.1_ASM169361v1_protein.gpff.gz
GCF_001693615.1	PRJNA224116	SAMN05327862			na		190893	190893	Vibrio coralliilyticus	strain=58		latest	Complete Genome	Major	Full	2016/07/26	ASM169361v1	Korea Research Institute of Bioscience & Biotechnology	GCA_001693615.1	identical	ftp://ftp.ncbi.nlm.nih.gov/genomes/all/GCF/001/693/615/GCF_001693615.1_ASM169361v1	./refseq/bacteria/GCF_001693615.1/GCF_001693615.1_ASM169361v1_cds_from_genomic.fna.gz
GCF_001693615.1	PRJNA224116	SAMN05327862			na		190893	190893	Vibrio coralliilyticus	strain=58		latest	Complete Genome	Major	Full	2016/07/26	ASM169361v1	Korea Research Institute of Bioscience & Biotechnology	GCA_001693615.1	identical	ftp://ftp.ncbi.nlm.nih.gov/genomes/all/GCF/001/693/615/GCF_001693615.1_ASM169361v1	./refseq/bacteria/GCF_001693615.1/GCF_001693615.1_ASM169361v1_rna_from_genomic.fna.gz
GCF_001693615.1	PRJNA224116	SAMN05327862			na		190893	190893	Vibrio coralliilyticus	strain=58		latest	Complete Genome	Major	Full	2016/07/26	ASM169361v1	Korea Research Institute of Bioscience & Biotechnology	GCA_001693615.1	identical	ftp://ftp.ncbi.nlm.nih.gov/genomes/all/GCF/001/693/615/GCF_001693615.1_ASM169361v1	./refseq/bacteria/GCF_001693615.1/GCF_001693615.1_ASM169361v1_assembly_report.txt
GCF_001693615.1	PRJNA224116	SAMN05327862			na		190893	190893	Vibrio coralliilyticus	strain=58		latest	Complete Genome	Major	Full	2016/07/26	ASM169361v1	Korea Research Institute of Bioscience & Biotechnology	GCA_001693615.1	identical	ftp://ftp.ncbi.nlm.nih.gov/genomes/all/GCF/001/693/615/GCF_001693615.1_ASM169361v1	./refseq/bacteria/GCF_001693615.1/GCF_001693615.1_ASM169361v1_assembly_stats.txt
GCF_002073995.1	PRJNA224116	SAMN06626869			na		190893	190893	Vibrio coralliilyticus	strain=SNUTY-1		latest	Complete Genome	Major	Full	2017/03/29	ASM207399v1	Korea Research Institute of Bioscience & Biotechnology	GCA_002073995.1	identical	ftp://ftp.ncbi.nlm.nih.gov/genomes/all/GCF/002/073/995/GCF_002073995.1_ASM207399v1	./refseq/bacteria/GCF_002073995.1/GCF_002073995.1_ASM207399v1_genomic.gbff.gz
GCF_002073995.1	PRJNA224116	SAMN06626869			na		190893	190893	Vibrio coralliilyticus	strain=SNUTY-1		latest	Complete Genome	Major	Full	2017/03/29	ASM207399v1	Korea Research Institute of Bioscience & Biotechnology	GCA_002073995.1	identical	ftp://ftp.ncbi.nlm.nih.gov/genomes/all/GCF/002/073/995/GCF_002073995.1_ASM207399v1	./refseq/bacteria/GCF_002073995.1/GCF_002073995.1_ASM207399v1_genomic.fna.gz
GCF_002073995.1	PRJNA224116	SAMN06626869			na		190893	190893	Vibrio coralliilyticus	strain=SNUTY-1		latest	Complete Genome	Major	Full	2017/03/29	ASM207399v1	Korea Research Institute of Bioscience & Biotechnology	GCA_002073995.1	identical	ftp://ftp.ncbi.nlm.nih.gov/genomes/all/GCF/002/073/995/GCF_002073995.1_ASM207399v1	./refseq/bacteria/GCF_002073995.1/GCF_002073995.1_ASM207399v1_feature_table.txt.gz
GCF_002073995.1	PRJNA224116	SAMN06626869			na		190893	190893	Vibrio coralliilyticus	strain=SNUTY-1		latest	Complete Genome	Major	Full	2017/03/29	ASM207399v1	Korea Research Institute of Bioscience & Biotechnology	GCA_002073995.1	identical	ftp://ftp.ncbi.nlm.nih.gov/genomes/all/GCF/002/073/995/GCF_002073995.1_ASM207399v1	./refseq/bacteria/GCF_002073995.1/GCF_002073995.1_ASM207399v1_genomic.gff.gz
GCF_002073995.1	PRJNA224116	SAMN06626869			na		190893	190893	Vibrio coralliilyticus	strain=SNUTY-1		latest	Complete Genome	Major	Full	2017/03/29	ASM207399v1	Korea Research Institute of Bioscience & Biotechnology	GCA_002073995.1	identical	ftp://ftp.ncbi.nlm.nih.gov/genomes/all/GCF/002/073/995/GCF_002073995.1_ASM207399v1	./refseq/bacteria/GCF_002073995.1/GCF_002073995.1_ASM207399v1_protein.faa.gz
GCF_002073995.1	PRJNA224116	SAMN06626869			na		190893	190893	Vibrio coralliilyticus	strain=SNUTY-1		latest	Complete Genome	Major	Full	2017/03/29	ASM207399v1	Korea Research Institute of Bioscience & Biotechnology	GCA_002073995.1	identical	ftp://ftp.ncbi.nlm.nih.gov/genomes/all/GCF/002/073/995/GCF_002073995.1_ASM207399v1	./refseq/bacteria/GCF_002073995.1/GCF_002073995.1_ASM207399v1_protein.gpff.gz
GCF_002073995.1	PRJNA224116	SAMN06626869			na		190893	190893	Vibrio coralliilyticus	strain=SNUTY-1		latest	Complete Genome	Major	Full	2017/03/29	ASM207399v1	Korea Research Institute of Bioscience & Biotechnology	GCA_002073995.1	identical	ftp://ftp.ncbi.nlm.nih.gov/genomes/all/GCF/002/073/995/GCF_002073995.1_ASM207399v1	./refseq/bacteria/GCF_002073995.1/GCF_002073995.1_ASM207399v1_cds_from_genomic.fna.gz
GCF_002073995.1	PRJNA224116	SAMN06626869			na		190893	190893	Vibrio coralliilyticus	strain=SNUTY-1		latest	Complete Genome	Major	Full	2017/03/29	ASM207399v1	Korea Research Institute of Bioscience & Biotechnology	GCA_002073995.1	identical	ftp://ftp.ncbi.nlm.nih.gov/genomes/all/GCF/002/073/995/GCF_002073995.1_ASM207399v1	./refseq/bacteria/GCF_002073995.1/GCF_002073995.1_ASM207399v1_rna_from_genomic.fna.gz
GCF_002073995.1	PRJNA224116	SAMN06626869			na		190893	190893	Vibrio coralliilyticus	strain=SNUTY-1		latest	Complete Genome	Major	Full	2017/03/29	ASM207399v1	Korea Research Institute of Bioscience & Biotechnology	GCA_002073995.1	identical	ftp://ftp.ncbi.nlm.nih.gov/genomes/all/GCF/002/073/995/GCF_002073995.1_ASM207399v1	./refseq/bacteria/GCF_002073995.1/GCF_002073995.1_ASM207399v1_assembly_report.txt
GCF_002073995.1	PRJNA224116	SAMN06626869			na		190893	190893	Vibrio coralliilyticus	strain=SNUTY-1		latest	Complete Genome	Major	Full	2017/03/29	ASM207399v1	Korea Research Institute of Bioscience & Biotechnology	GCA_002073995.1	identical	ftp://ftp.ncbi.nlm.nih.gov/genomes/all/GCF/002/073/995/GCF_002073995.1_ASM207399v1	./refseq/bacteria/GCF_002073995.1/GCF_002073995.1_ASM207399v1_assembly_stats.txt
GCF_002286405.1	PRJNA224116	SAMN07522471	NRHV00000000.1		na		190893	190893	Vibrio coralliilyticus	strain=080116A		latest	Contig	Major	Full	2017/09/05	ASM228640v1	Oregon State University	GCA_002286405.1	identical	ftp://ftp.ncbi.nlm.nih.gov/genomes/all/GCF/002/286/405/GCF_002286405.1_ASM228640v1	./refseq/bacteria/GCF_002286405.1/GCF_002286405.1_ASM228640v1_genomic.gbff.gz
GCF_002286405.1	PRJNA224116	SAMN07522471	NRHV00000000.1		na		190893	190893	Vibrio coralliilyticus	strain=080116A		latest	Contig	Major	Full	2017/09/05	ASM228640v1	Oregon State University	GCA_002286405.1	identical	ftp://ftp.ncbi.nlm.nih.gov/genomes/all/GCF/002/286/405/GCF_002286405.1_ASM228640v1	./refseq/bacteria/GCF_002286405.1/GCF_002286405.1_ASM228640v1_genomic.fna.gz
GCF_002286405.1	PRJNA224116	SAMN07522471	NRHV00000000.1		na		190893	190893	Vibrio coralliilyticus	strain=080116A		latest	Contig	Major	Full	2017/09/05	ASM228640v1	Oregon State University	GCA_002286405.1	identical	ftp://ftp.ncbi.nlm.nih.gov/genomes/all/GCF/002/286/405/GCF_002286405.1_ASM228640v1	./refseq/bacteria/GCF_002286405.1/GCF_002286405.1_ASM228640v1_feature_table.txt.gz
GCF_002286405.1	PRJNA224116	SAMN07522471	NRHV00000000.1		na		190893	190893	Vibrio coralliilyticus	strain=080116A		latest	Contig	Major	Full	2017/09/05	ASM228640v1	Oregon State University	GCA_002286405.1	identical	ftp://ftp.ncbi.nlm.nih.gov/genomes/all/GCF/002/286/405/GCF_002286405.1_ASM228640v1	./refseq/bacteria/GCF_002286405.1/GCF_002286405.1_ASM228640v1_genomic.gff.gz
GCF_002286405.1	PRJNA224116	SAMN07522471	NRHV00000000.1		na		190893	190893	Vibrio coralliilyticus	strain=080116A		latest	Contig	Major	Full	2017/09/05	ASM228640v1	Oregon State University	GCA_002286405.1	identical	ftp://ftp.ncbi.nlm.nih.gov/genomes/all/GCF/002/286/405/GCF_002286405.1_ASM228640v1	./refseq/bacteria/GCF_002286405.1/GCF_002286405.1_ASM228640v1_protein.faa.gz
GCF_002286405.1	PRJNA224116	SAMN07522471	NRHV00000000.1		na		190893	190893	Vibrio coralliilyticus	strain=080116A		latest	Contig	Major	Full	2017/09/05	ASM228640v1	Oregon State University	GCA_002286405.1	identical	ftp://ftp.ncbi.nlm.nih.gov/genomes/all/GCF/002/286/405/GCF_002286405.1_ASM228640v1	./refseq/bacteria/GCF_002286405.1/GCF_002286405.1_ASM228640v1_protein.gpff.gz
GCF_002286405.1	PRJNA224116	SAMN07522471	NRHV00000000.1		na		190893	190893	Vibrio coralliilyticus	strain=080116A		latest	Contig	Major	Full	2017/09/05	ASM228640v1	Oregon State University	GCA_002286405.1	identical	ftp://ftp.ncbi.nlm.nih.gov/genomes/all/GCF/002/286/405/GCF_002286405.1_ASM228640v1	./refseq/bacteria/GCF_002286405.1/GCF_002286405.1_ASM228640v1_wgsmaster.gbff.gz
GCF_002286405.1	PRJNA224116	SAMN07522471	NRHV00000000.1		na		190893	190893	Vibrio coralliilyticus	strain=080116A		latest	Contig	Major	Full	2017/09/05	ASM228640v1	Oregon State University	GCA_002286405.1	identical	ftp://ftp.ncbi.nlm.nih.gov/genomes/all/GCF/002/286/405/GCF_002286405.1_ASM228640v1	./refseq/bacteria/GCF_002286405.1/GCF_002286405.1_ASM228640v1_cds_from_genomic.fna.gz
GCF_002286405.1	PRJNA224116	SAMN07522471	NRHV00000000.1		na		190893	190893	Vibrio coralliilyticus	strain=080116A		latest	Contig	Major	Full	2017/09/05	ASM228640v1	Oregon State University	GCA_002286405.1	identical	ftp://ftp.ncbi.nlm.nih.gov/genomes/all/GCF/002/286/405/GCF_002286405.1_ASM228640v1	./refseq/bacteria/GCF_002286405.1/GCF_002286405.1_ASM228640v1_rna_from_genomic.fna.gz
GCF_002286405.1	PRJNA224116	SAMN07522471	NRHV00000000.1		na		190893	190893	Vibrio coralliilyticus	strain=080116A		latest	Contig	Major	Full	2017/09/05	ASM228640v1	Oregon State University	GCA_002286405.1	identical	ftp://ftp.ncbi.nlm.nih.gov/genomes/all/GCF/002/286/405/GCF_002286405.1_ASM228640v1	./refseq/bacteria/GCF_002286405.1/GCF_002286405.1_ASM228640v1_assembly_report.txt
GCF_002286405.1	PRJNA224116	SAMN07522471	NRHV00000000.1		na		190893	190893	Vibrio coralliilyticus	strain=080116A		latest	Contig	Major	Full	2017/09/05	ASM228640v1	Oregon State University	GCA_002286405.1	identical	ftp://ftp.ncbi.nlm.nih.gov/genomes/all/GCF/002/286/405/GCF_002286405.1_ASM228640v1	./refseq/bacteria/GCF_002286405.1/GCF_002286405.1_ASM228640v1_assembly_stats.txt
GCF_002286655.1	PRJNA224116	SAMN07536091	NRHY00000000.1		na		190893	190893	Vibrio coralliilyticus	strain=RE87		latest	Contig	Major	Full	2017/09/05	ASM228665v1	Oregon State University	GCA_002286655.1	identical	ftp://ftp.ncbi.nlm.nih.gov/genomes/all/GCF/002/286/655/GCF_002286655.1_ASM228665v1	./refseq/bacteria/GCF_002286655.1/GCF_002286655.1_ASM228665v1_genomic.gbff.gz
GCF_002286655.1	PRJNA224116	SAMN07536091	NRHY00000000.1		na		190893	190893	Vibrio coralliilyticus	strain=RE87		latest	Contig	Major	Full	2017/09/05	ASM228665v1	Oregon State University	GCA_002286655.1	identical	ftp://ftp.ncbi.nlm.nih.gov/genomes/all/GCF/002/286/655/GCF_002286655.1_ASM228665v1	./refseq/bacteria/GCF_002286655.1/GCF_002286655.1_ASM228665v1_genomic.fna.gz
GCF_002286655.1	PRJNA224116	SAMN07536091	NRHY00000000.1		na		190893	190893	Vibrio coralliilyticus	strain=RE87		latest	Contig	Major	Full	2017/09/05	ASM228665v1	Oregon State University	GCA_002286655.1	identical	ftp://ftp.ncbi.nlm.nih.gov/genomes/all/GCF/002/286/655/GCF_002286655.1_ASM228665v1	./refseq/bacteria/GCF_002286655.1/GCF_002286655.1_ASM228665v1_feature_table.txt.gz
GCF_002286655.1	PRJNA224116	SAMN07536091	NRHY00000000.1		na		190893	190893	Vibrio coralliilyticus	strain=RE87		latest	Contig	Major	Full	2017/09/05	ASM228665v1	Oregon State University	GCA_002286655.1	identical	ftp://ftp.ncbi.nlm.nih.gov/genomes/all/GCF/002/286/655/GCF_002286655.1_ASM228665v1	./refseq/bacteria/GCF_002286655.1/GCF_002286655.1_ASM228665v1_genomic.gff.gz
GCF_002286655.1	PRJNA224116	SAMN07536091	NRHY00000000.1		na		190893	190893	Vibrio coralliilyticus	strain=RE87		latest	Contig	Major	Full	2017/09/05	ASM228665v1	Oregon State University	GCA_002286655.1	identical	ftp://ftp.ncbi.nlm.nih.gov/genomes/all/GCF/002/286/655/GCF_002286655.1_ASM228665v1	./refseq/bacteria/GCF_002286655.1/GCF_002286655.1_ASM228665v1_protein.faa.gz
GCF_002286655.1	PRJNA224116	SAMN07536091	NRHY00000000.1		na		190893	190893	Vibrio coralliilyticus	strain=RE87		latest	Contig	Major	Full	2017/09/05	ASM228665v1	Oregon State University	GCA_002286655.1	identical	ftp://ftp.ncbi.nlm.nih.gov/genomes/all/GCF/002/286/655/GCF_002286655.1_ASM228665v1	./refseq/bacteria/GCF_002286655.1/GCF_002286655.1_ASM228665v1_protein.gpff.gz
GCF_002286655.1	PRJNA224116	SAMN07536091	NRHY00000000.1		na		190893	190893	Vibrio coralliilyticus	strain=RE87		latest	Contig	Major	Full	2017/09/05	ASM228665v1	Oregon State University	GCA_002286655.1	identical	ftp://ftp.ncbi.nlm.nih.gov/genomes/all/GCF/002/286/655/GCF_002286655.1_ASM228665v1	./refseq/bacteria/GCF_002286655.1/GCF_002286655.1_ASM228665v1_wgsmaster.gbff.gz
GCF_002286655.1	PRJNA224116	SAMN07536091	NRHY00000000.1		na		190893	190893	Vibrio coralliilyticus	strain=RE87		latest	Contig	Major	Full	2017/09/05	ASM228665v1	Oregon State University	GCA_002286655.1	identical	ftp://ftp.ncbi.nlm.nih.gov/genomes/all/GCF/002/286/655/GCF_002286655.1_ASM228665v1	./refseq/bacteria/GCF_002286655.1/GCF_002286655.1_ASM228665v1_cds_from_genomic.fna.gz
GCF_002286655.1	PRJNA224116	SAMN07536091	NRHY00000000.1		na		190893	190893	Vibrio coralliilyticus	strain=RE87		latest	Contig	Major	Full	2017/09/05	ASM228665v1	Oregon State University	GCA_002286655.1	identical	ftp://ftp.ncbi.nlm.nih.gov/genomes/all/GCF/002/286/655/GCF_002286655.1_ASM228665v1	./refseq/bacteria/GCF_002286655.1/GCF_002286655.1_ASM228665v1_rna_from_genomic.fna.gz
GCF_002286655.1	PRJNA224116	SAMN07536091	NRHY00000000.1		na		190893	190893	Vibrio coralliilyticus	strain=RE87		latest	Contig	Major	Full	2017/09/05	ASM228665v1	Oregon State University	GCA_002286655.1	identical	ftp://ftp.ncbi.nlm.nih.gov/genomes/all/GCF/002/286/655/GCF_002286655.1_ASM228665v1	./refseq/bacteria/GCF_002286655.1/GCF_002286655.1_ASM228665v1_assembly_report.txt
GCF_002286655.1	PRJNA224116	SAMN07536091	NRHY00000000.1		na		190893	190893	Vibrio coralliilyticus	strain=RE87		latest	Contig	Major	Full	2017/09/05	ASM228665v1	Oregon State University	GCA_002286655.1	identical	ftp://ftp.ncbi.nlm.nih.gov/genomes/all/GCF/002/286/655/GCF_002286655.1_ASM228665v1	./refseq/bacteria/GCF_002286655.1/GCF_002286655.1_ASM228665v1_assembly_stats.txt
GCF_002287625.1	PRJNA224116	SAMN07540309	NRQO00000000.1		na		190893	190893	Vibrio coralliilyticus	strain=AIC-7		latest	Contig	Major	Full	2017/09/07	ASM228762v1	Oregon State University	GCA_002287625.1	identical	ftp://ftp.ncbi.nlm.nih.gov/genomes/all/GCF/002/287/625/GCF_002287625.1_ASM228762v1	./refseq/bacteria/GCF_002287625.1/GCF_002287625.1_ASM228762v1_genomic.gbff.gz
GCF_002287625.1	PRJNA224116	SAMN07540309	NRQO00000000.1		na		190893	190893	Vibrio coralliilyticus	strain=AIC-7		latest	Contig	Major	Full	2017/09/07	ASM228762v1	Oregon State University	GCA_002287625.1	identical	ftp://ftp.ncbi.nlm.nih.gov/genomes/all/GCF/002/287/625/GCF_002287625.1_ASM228762v1	./refseq/bacteria/GCF_002287625.1/GCF_002287625.1_ASM228762v1_genomic.fna.gz
GCF_002287625.1	PRJNA224116	SAMN07540309	NRQO00000000.1		na		190893	190893	Vibrio coralliilyticus	strain=AIC-7		latest	Contig	Major	Full	2017/09/07	ASM228762v1	Oregon State University	GCA_002287625.1	identical	ftp://ftp.ncbi.nlm.nih.gov/genomes/all/GCF/002/287/625/GCF_002287625.1_ASM228762v1	./refseq/bacteria/GCF_002287625.1/GCF_002287625.1_ASM228762v1_feature_table.txt.gz
GCF_002287625.1	PRJNA224116	SAMN07540309	NRQO00000000.1		na		190893	190893	Vibrio coralliilyticus	strain=AIC-7		latest	Contig	Major	Full	2017/09/07	ASM228762v1	Oregon State University	GCA_002287625.1	identical	ftp://ftp.ncbi.nlm.nih.gov/genomes/all/GCF/002/287/625/GCF_002287625.1_ASM228762v1	./refseq/bacteria/GCF_002287625.1/GCF_002287625.1_ASM228762v1_genomic.gff.gz
GCF_002287625.1	PRJNA224116	SAMN07540309	NRQO00000000.1		na		190893	190893	Vibrio coralliilyticus	strain=AIC-7		latest	Contig	Major	Full	2017/09/07	ASM228762v1	Oregon State University	GCA_002287625.1	identical	ftp://ftp.ncbi.nlm.nih.gov/genomes/all/GCF/002/287/625/GCF_002287625.1_ASM228762v1	./refseq/bacteria/GCF_002287625.1/GCF_002287625.1_ASM228762v1_protein.faa.gz
GCF_002287625.1	PRJNA224116	SAMN07540309	NRQO00000000.1		na		190893	190893	Vibrio coralliilyticus	strain=AIC-7		latest	Contig	Major	Full	2017/09/07	ASM228762v1	Oregon State University	GCA_002287625.1	identical	ftp://ftp.ncbi.nlm.nih.gov/genomes/all/GCF/002/287/625/GCF_002287625.1_ASM228762v1	./refseq/bacteria/GCF_002287625.1/GCF_002287625.1_ASM228762v1_protein.gpff.gz
GCF_002287625.1	PRJNA224116	SAMN07540309	NRQO00000000.1		na		190893	190893	Vibrio coralliilyticus	strain=AIC-7		latest	Contig	Major	Full	2017/09/07	ASM228762v1	Oregon State University	GCA_002287625.1	identical	ftp://ftp.ncbi.nlm.nih.gov/genomes/all/GCF/002/287/625/GCF_002287625.1_ASM228762v1	./refseq/bacteria/GCF_002287625.1/GCF_002287625.1_ASM228762v1_wgsmaster.gbff.gz
GCF_002287625.1	PRJNA224116	SAMN07540309	NRQO00000000.1		na		190893	190893	Vibrio coralliilyticus	strain=AIC-7		latest	Contig	Major	Full	2017/09/07	ASM228762v1	Oregon State University	GCA_002287625.1	identical	ftp://ftp.ncbi.nlm.nih.gov/genomes/all/GCF/002/287/625/GCF_002287625.1_ASM228762v1	./refseq/bacteria/GCF_002287625.1/GCF_002287625.1_ASM228762v1_cds_from_genomic.fna.gz
GCF_002287625.1	PRJNA224116	SAMN07540309	NRQO00000000.1		na		190893	190893	Vibrio coralliilyticus	strain=AIC-7		latest	Contig	Major	Full	2017/09/07	ASM228762v1	Oregon State University	GCA_002287625.1	identical	ftp://ftp.ncbi.nlm.nih.gov/genomes/all/GCF/002/287/625/GCF_002287625.1_ASM228762v1	./refseq/bacteria/GCF_002287625.1/GCF_002287625.1_ASM228762v1_rna_from_genomic.fna.gz
GCF_002287625.1	PRJNA224116	SAMN07540309	NRQO00000000.1		na		190893	190893	Vibrio coralliilyticus	strain=AIC-7		latest	Contig	Major	Full	2017/09/07	ASM228762v1	Oregon State University	GCA_002287625.1	identical	ftp://ftp.ncbi.nlm.nih.gov/genomes/all/GCF/002/287/625/GCF_002287625.1_ASM228762v1	./refseq/bacteria/GCF_002287625.1/GCF_002287625.1_ASM228762v1_assembly_report.txt
GCF_002287625.1	PRJNA224116	SAMN07540309	NRQO00000000.1		na		190893	190893	Vibrio coralliilyticus	strain=AIC-7		latest	Contig	Major	Full	2017/09/07	ASM228762v1	Oregon State University	GCA_002287625.1	identical	ftp://ftp.ncbi.nlm.nih.gov/genomes/all/GCF/002/287/625/GCF_002287625.1_ASM228762v1	./refseq/bacteria/GCF_002287625.1/GCF_002287625.1_ASM228762v1_assembly_stats.txt
GCF_002742585.1	PRJNA224116	SAMN07961445	AUTV00000000.1		na		1353535	190893	Vibrio coralliilyticus NA0301	strain=NA0301		latest	Scaffold	Major	Full	2017/11/02	ASM274258v1	Vibrio coralliilyticus strain NA0301	GCA_002742585.1	identical	ftp://ftp.ncbi.nlm.nih.gov/genomes/all/GCF/002/742/585/GCF_002742585.1_ASM274258v1	./refseq/bacteria/GCF_002742585.1/GCF_002742585.1_ASM274258v1_genomic.gbff.gz
GCF_002742585.1	PRJNA224116	SAMN07961445	AUTV00000000.1		na		1353535	190893	Vibrio coralliilyticus NA0301	strain=NA0301		latest	Scaffold	Major	Full	2017/11/02	ASM274258v1	Vibrio coralliilyticus strain NA0301	GCA_002742585.1	identical	ftp://ftp.ncbi.nlm.nih.gov/genomes/all/GCF/002/742/585/GCF_002742585.1_ASM274258v1	./refseq/bacteria/GCF_002742585.1/GCF_002742585.1_ASM274258v1_genomic.fna.gz
GCF_002742585.1	PRJNA224116	SAMN07961445	AUTV00000000.1		na		1353535	190893	Vibrio coralliilyticus NA0301	strain=NA0301		latest	Scaffold	Major	Full	2017/11/02	ASM274258v1	Vibrio coralliilyticus strain NA0301	GCA_002742585.1	identical	ftp://ftp.ncbi.nlm.nih.gov/genomes/all/GCF/002/742/585/GCF_002742585.1_ASM274258v1	./refseq/bacteria/GCF_002742585.1/GCF_002742585.1_ASM274258v1_feature_table.txt.gz
GCF_002742585.1	PRJNA224116	SAMN07961445	AUTV00000000.1		na		1353535	190893	Vibrio coralliilyticus NA0301	strain=NA0301		latest	Scaffold	Major	Full	2017/11/02	ASM274258v1	Vibrio coralliilyticus strain NA0301	GCA_002742585.1	identical	ftp://ftp.ncbi.nlm.nih.gov/genomes/all/GCF/002/742/585/GCF_002742585.1_ASM274258v1	./refseq/bacteria/GCF_002742585.1/GCF_002742585.1_ASM274258v1_genomic.gff.gz
GCF_002742585.1	PRJNA224116	SAMN07961445	AUTV00000000.1		na		1353535	190893	Vibrio coralliilyticus NA0301	strain=NA0301		latest	Scaffold	Major	Full	2017/11/02	ASM274258v1	Vibrio coralliilyticus strain NA0301	GCA_002742585.1	identical	ftp://ftp.ncbi.nlm.nih.gov/genomes/all/GCF/002/742/585/GCF_002742585.1_ASM274258v1	./refseq/bacteria/GCF_002742585.1/GCF_002742585.1_ASM274258v1_protein.faa.gz
GCF_002742585.1	PRJNA224116	SAMN07961445	AUTV00000000.1		na		1353535	190893	Vibrio coralliilyticus NA0301	strain=NA0301		latest	Scaffold	Major	Full	2017/11/02	ASM274258v1	Vibrio coralliilyticus strain NA0301	GCA_002742585.1	identical	ftp://ftp.ncbi.nlm.nih.gov/genomes/all/GCF/002/742/585/GCF_002742585.1_ASM274258v1	./refseq/bacteria/GCF_002742585.1/GCF_002742585.1_ASM274258v1_protein.gpff.gz
GCF_002742585.1	PRJNA224116	SAMN07961445	AUTV00000000.1		na		1353535	190893	Vibrio coralliilyticus NA0301	strain=NA0301		latest	Scaffold	Major	Full	2017/11/02	ASM274258v1	Vibrio coralliilyticus strain NA0301	GCA_002742585.1	identical	ftp://ftp.ncbi.nlm.nih.gov/genomes/all/GCF/002/742/585/GCF_002742585.1_ASM274258v1	./refseq/bacteria/GCF_002742585.1/GCF_002742585.1_ASM274258v1_wgsmaster.gbff.gz
GCF_002742585.1	PRJNA224116	SAMN07961445	AUTV00000000.1		na		1353535	190893	Vibrio coralliilyticus NA0301	strain=NA0301		latest	Scaffold	Major	Full	2017/11/02	ASM274258v1	Vibrio coralliilyticus strain NA0301	GCA_002742585.1	identical	ftp://ftp.ncbi.nlm.nih.gov/genomes/all/GCF/002/742/585/GCF_002742585.1_ASM274258v1	./refseq/bacteria/GCF_002742585.1/GCF_002742585.1_ASM274258v1_cds_from_genomic.fna.gz
GCF_002742585.1	PRJNA224116	SAMN07961445	AUTV00000000.1		na		1353535	190893	Vibrio coralliilyticus NA0301	strain=NA0301		latest	Scaffold	Major	Full	2017/11/02	ASM274258v1	Vibrio coralliilyticus strain NA0301	GCA_002742585.1	identical	ftp://ftp.ncbi.nlm.nih.gov/genomes/all/GCF/002/742/585/GCF_002742585.1_ASM274258v1	./refseq/bacteria/GCF_002742585.1/GCF_002742585.1_ASM274258v1_rna_from_genomic.fna.gz
GCF_002742585.1	PRJNA224116	SAMN07961445	AUTV00000000.1		na		1353535	190893	Vibrio coralliilyticus NA0301	strain=NA0301		latest	Scaffold	Major	Full	2017/11/02	ASM274258v1	Vibrio coralliilyticus strain NA0301	GCA_002742585.1	identical	ftp://ftp.ncbi.nlm.nih.gov/genomes/all/GCF/002/742/585/GCF_002742585.1_ASM274258v1	./refseq/bacteria/GCF_002742585.1/GCF_002742585.1_ASM274258v1_assembly_report.txt
GCF_002742585.1	PRJNA224116	SAMN07961445	AUTV00000000.1		na		1353535	190893	Vibrio coralliilyticus NA0301	strain=NA0301		latest	Scaffold	Major	Full	2017/11/02	ASM274258v1	Vibrio coralliilyticus strain NA0301	GCA_002742585.1	identical	ftp://ftp.ncbi.nlm.nih.gov/genomes/all/GCF/002/742/585/GCF_002742585.1_ASM274258v1	./refseq/bacteria/GCF_002742585.1/GCF_002742585.1_ASM274258v1_assembly_stats.txt
GCF_003391375.1	PRJNA224116	SAMN09704979			na		190893	190893	Vibrio coralliilyticus	strain=RE22		latest	Complete Genome	Major	Full	2018/08/15	ASM339137v1	USDA-Agricultural Research Service-Eastern Regional Research Center	GCA_003391375.1	identical	ftp://ftp.ncbi.nlm.nih.gov/genomes/all/GCF/003/391/375/GCF_003391375.1_ASM339137v1	./refseq/bacteria/GCF_003391375.1/GCF_003391375.1_ASM339137v1_genomic.gbff.gz
GCF_003391375.1	PRJNA224116	SAMN09704979			na		190893	190893	Vibrio coralliilyticus	strain=RE22		latest	Complete Genome	Major	Full	2018/08/15	ASM339137v1	USDA-Agricultural Research Service-Eastern Regional Research Center	GCA_003391375.1	identical	ftp://ftp.ncbi.nlm.nih.gov/genomes/all/GCF/003/391/375/GCF_003391375.1_ASM339137v1	./refseq/bacteria/GCF_003391375.1/GCF_003391375.1_ASM339137v1_genomic.fna.gz
GCF_003391375.1	PRJNA224116	SAMN09704979			na		190893	190893	Vibrio coralliilyticus	strain=RE22		latest	Complete Genome	Major	Full	2018/08/15	ASM339137v1	USDA-Agricultural Research Service-Eastern Regional Research Center	GCA_003391375.1	identical	ftp://ftp.ncbi.nlm.nih.gov/genomes/all/GCF/003/391/375/GCF_003391375.1_ASM339137v1	./refseq/bacteria/GCF_003391375.1/GCF_003391375.1_ASM339137v1_feature_table.txt.gz
GCF_003391375.1	PRJNA224116	SAMN09704979			na		190893	190893	Vibrio coralliilyticus	strain=RE22		latest	Complete Genome	Major	Full	2018/08/15	ASM339137v1	USDA-Agricultural Research Service-Eastern Regional Research Center	GCA_003391375.1	identical	ftp://ftp.ncbi.nlm.nih.gov/genomes/all/GCF/003/391/375/GCF_003391375.1_ASM339137v1	./refseq/bacteria/GCF_003391375.1/GCF_003391375.1_ASM339137v1_genomic.gff.gz
GCF_003391375.1	PRJNA224116	SAMN09704979			na		190893	190893	Vibrio coralliilyticus	strain=RE22		latest	Complete Genome	Major	Full	2018/08/15	ASM339137v1	USDA-Agricultural Research Service-Eastern Regional Research Center	GCA_003391375.1	identical	ftp://ftp.ncbi.nlm.nih.gov/genomes/all/GCF/003/391/375/GCF_003391375.1_ASM339137v1	./refseq/bacteria/GCF_003391375.1/GCF_003391375.1_ASM339137v1_protein.faa.gz
GCF_003391375.1	PRJNA224116	SAMN09704979			na		190893	190893	Vibrio coralliilyticus	strain=RE22		latest	Complete Genome	Major	Full	2018/08/15	ASM339137v1	USDA-Agricultural Research Service-Eastern Regional Research Center	GCA_003391375.1	identical	ftp://ftp.ncbi.nlm.nih.gov/genomes/all/GCF/003/391/375/GCF_003391375.1_ASM339137v1	./refseq/bacteria/GCF_003391375.1/GCF_003391375.1_ASM339137v1_protein.gpff.gz
GCF_003391375.1	PRJNA224116	SAMN09704979			na		190893	190893	Vibrio coralliilyticus	strain=RE22		latest	Complete Genome	Major	Full	2018/08/15	ASM339137v1	USDA-Agricultural Research Service-Eastern Regional Research Center	GCA_003391375.1	identical	ftp://ftp.ncbi.nlm.nih.gov/genomes/all/GCF/003/391/375/GCF_003391375.1_ASM339137v1	./refseq/bacteria/GCF_003391375.1/GCF_003391375.1_ASM339137v1_cds_from_genomic.fna.gz
GCF_003391375.1	PRJNA224116	SAMN09704979			na		190893	190893	Vibrio coralliilyticus	strain=RE22		latest	Complete Genome	Major	Full	2018/08/15	ASM339137v1	USDA-Agricultural Research Service-Eastern Regional Research Center	GCA_003391375.1	identical	ftp://ftp.ncbi.nlm.nih.gov/genomes/all/GCF/003/391/375/GCF_003391375.1_ASM339137v1	./refseq/bacteria/GCF_003391375.1/GCF_003391375.1_ASM339137v1_rna_from_genomic.fna.gz
GCF_003391375.1	PRJNA224116	SAMN09704979			na		190893	190893	Vibrio coralliilyticus	strain=RE22		latest	Complete Genome	Major	Full	2018/08/15	ASM339137v1	USDA-Agricultural Research Service-Eastern Regional Research Center	GCA_003391375.1	identical	ftp://ftp.ncbi.nlm.nih.gov/genomes/all/GCF/003/391/375/GCF_003391375.1_ASM339137v1	./refseq/bacteria/GCF_003391375.1/GCF_003391375.1_ASM339137v1_assembly_report.txt
GCF_003391375.1	PRJNA224116	SAMN09704979			na		190893	190893	Vibrio coralliilyticus	strain=RE22		latest	Complete Genome	Major	Full	2018/08/15	ASM339137v1	USDA-Agricultural Research Service-Eastern Regional Research Center	GCA_003391375.1	identical	ftp://ftp.ncbi.nlm.nih.gov/genomes/all/GCF/003/391/375/GCF_003391375.1_ASM339137v1	./refseq/bacteria/GCF_003391375.1/GCF_003391375.1_ASM339137v1_assembly_stats.txt
